block_id,assay_type,assay_number,drug1,drug2,analyte,donor_1_id,donor_2_id,conc_unit1,conc_unit2,input_type,replicate,ZIP_synergy_p_value,HSA_synergy_p_value,Bliss_synergy_p_value,Loewe_synergy_p_value,ZIP_synergy,HSA_synergy,Bliss_synergy,Loewe_synergy
1,CD8 MLR,MLR63,GEN1056,GEN1053,IL-10,LS112418861 58355,LS1170885 CC00481,ug/mL,ug/mL,inhibition,FALSE,0.878,0.949,0.901,0.962,-2.4103757830779484,-1.9278914606849464,-3.6161459410036194,-1.166409874735403
2,CD8 MLR,MLR63,GEN1056,GEN1053,IL-12p70,LS112418861 58355,LS1170885 CC00481,ug/mL,ug/mL,inhibition,FALSE,0.722,0.929,0.956,0.896,4.85976218726995,2.16263739695132,1.3339790024218723,2.9154938802955774
3,CD8 MLR,MLR63,GEN1056,GEN1053,IL-13,LS112418861 58355,LS1170885 CC00481,ug/mL,ug/mL,inhibition,FALSE,0.624,0.497,0.691,0.532,8.684804738836265,13.72758739148173,7.802090671777129,11.700604209016745
4,CD8 MLR,MLR63,GEN1056,GEN1053,IL-1b,LS112418861 58355,LS1170885 CC00481,ug/mL,ug/mL,inhibition,FALSE,0.926,0.883,0.92,0.9,-0.9363628167968722,2.7844403689186157,-1.9322748489667436,1.8385591280759024
5,CD8 MLR,MLR63,GEN1056,GEN1053,IL-2,LS112418861 58355,LS1170885 CC00481,ug/mL,ug/mL,inhibition,FALSE,0.269,0.662,0.536,0.682,13.521363506870605,9.43630467569607,13.071901099924343,8.79153614690992
6,CD8 MLR,MLR63,GEN1056,GEN1053,IL-4,LS112418861 58355,LS1170885 CC00481,ug/mL,ug/mL,inhibition,FALSE,0.904,0.656,0.853,0.707,-4.594032675785548,-15.554244916947484,-7.289005745498268,-14.184150233371446
7,CD8 MLR,MLR63,GEN1056,GEN1053,IL-6,LS112418861 58355,LS1170885 CC00481,ug/mL,ug/mL,inhibition,FALSE,0.684,0.6,0.835,0.633,5.767571186200845,10.054258713183525,4.168158008942892,8.398149583625692
8,CD8 MLR,MLR63,GEN1056,GEN1053,IL-8,LS112418861 58355,LS1170885 CC00481,ug/mL,ug/mL,inhibition,FALSE,0.634,0.896,0.729,0.895,-12.950603407729956,-5.427499523913529,-15.01392956011403,-5.054520888407368
9,CD8 MLR,MLR63,GEN1056,GEN1053,TNF-a,LS112418861 58355,LS1170885 CC00481,ug/mL,ug/mL,inhibition,FALSE,0.411,0.422,0.57,0.441,11.108327660981802,14.987576167727049,10.17050112434345,12.07799244632967
10,CD8 MLR,MLR63,GEN1056,GEN1053,GM-CSF,LS112418861 58355,LS1170885 CC00481,ug/mL,ug/mL,inhibition,FALSE,0.35,0.408,0.491,0.366,12.68458396151529,13.985922702944377,11.960870780237038,13.239331677865902
11,CD8 MLR,MLR63,GEN1056,GEN1053,IL-12p40,LS112418861 58355,LS1170885 CC00481,ug/mL,ug/mL,inhibition,FALSE,0.349,0.444,0.439,0.47,12.958624209870228,13.219989321648686,12.779466015132394,10.908881660982797
12,CD8 MLR,MLR63,GEN1056,GEN1053,IL-15,LS112418861 58355,LS1170885 CC00481,ug/mL,ug/mL,inhibition,FALSE,0.047,0.386,0.136,0.379,54.31050059120082,33.5710907725465,58.75197491273442,28.723077173906155
13,CD8 MLR,MLR63,GEN1056,GEN1053,IL-16,LS112418861 58355,LS1170885 CC00481,ug/mL,ug/mL,inhibition,FALSE,0.184,0.86,0.455,0.815,44.1425049958886,9.508462003561512,46.07831310952207,9.266154566226463
14,CD8 MLR,MLR63,GEN1056,GEN1053,IL-17,LS112418861 58355,LS1170885 CC00481,ug/mL,ug/mL,inhibition,FALSE,0.409,0.87,0.758,0.844,8.87753127801641,4.3553573186820875,8.801698610203909,3.8614564318765088
15,CD8 MLR,MLR63,GEN1056,GEN1053,IL-1a,LS112418861 58355,LS1170885 CC00481,ug/mL,ug/mL,inhibition,FALSE,0.302,0.412,0.451,0.418,11.273616350840825,11.941504089040702,11.19120988952217,11.18307177762924
16,CD8 MLR,MLR63,GEN1056,GEN1053,IL-5,LS112418861 58355,LS1170885 CC00481,ug/mL,ug/mL,inhibition,FALSE,0.218,0.318,0.272,0.347,29.850504388575082,27.3084621048762,29.631249252829832,24.68452901083297
17,CD8 MLR,MLR63,GEN1056,GEN1053,IL-7,LS112418861 58355,LS1170885 CC00481,ug/mL,ug/mL,inhibition,FALSE,0.321,0.447,0.642,0.258,17.880918234784954,20.082171611227242,12.695873410384982,25.777981459669356
18,CD8 MLR,MLR63,GEN1056,GEN1053,TNF-b,LS112418861 58355,LS1170885 CC00481,ug/mL,ug/mL,inhibition,FALSE,0.297,0.331,0.356,0.32,18.55760730962739,20.668475807603087,18.54402658310772,18.392504725608877
20,CD8 MLR,MLR63,GEN1056,GEN1053,Eotaxin,LS112418861 58355,LS1170885 CC00481,ug/mL,ug/mL,inhibition,FALSE,0.773,0.64,0.85,0.563,-3.7853838438371152,10.066510078136822,-3.9724159114736275,12.035150580082915
21,CD8 MLR,MLR63,GEN1056,GEN1053,Eotaxin-3,LS112418861 58355,LS1170885 CC00481,ug/mL,ug/mL,inhibition,FALSE,0.766,0.897,0.776,0.852,-5.123012552711066,3.7303815767157853,-7.7503291595832815,5.401470759872463
22,CD8 MLR,MLR63,GEN1056,GEN1053,IP-10,LS112418861 58355,LS1170885 CC00481,ug/mL,ug/mL,inhibition,FALSE,0.599,0.809,0.65,0.775,-4.758258379519021,-3.9549707727790673,-7.383878167868884,-4.430221886396422
23,CD8 MLR,MLR63,GEN1056,GEN1053,MCP-1,LS112418861 58355,LS1170885 CC00481,ug/mL,ug/mL,inhibition,FALSE,0.791,0.607,0.907,0.617,9.71585654518325,-23.653975391762405,7.05241640198099,-21.44985122459626
24,CD8 MLR,MLR63,GEN1056,GEN1053,MCP-4,LS112418861 58355,LS1170885 CC00481,ug/mL,ug/mL,inhibition,FALSE,0.57,0.862,0.693,0.922,-5.945765827718689,3.893337979768778,-7.574253282623892,2.0751818689428507
25,CD8 MLR,MLR63,GEN1056,GEN1053,MDC,LS112418861 58355,LS1170885 CC00481,ug/mL,ug/mL,inhibition,FALSE,0.391,0.321,0.733,0.539,93.47014293882152,-111.64376871708468,88.53965487413345,-68.77349331836326
26,CD8 MLR,MLR63,GEN1056,GEN1053,MIP-1b,LS112418861 58355,LS1170885 CC00481,ug/mL,ug/mL,inhibition,FALSE,0.319,0.405,0.658,0.188,13.262850200157096,21.8626303578971,13.05271523847297,28.53703724662746
28,CD8 MLR,MLR63,Pembrolizumab,GEN1053,IL-10,LS112418861 58355,LS1170885 CC00481,ug/mL,ug/mL,inhibition,FALSE,0.856,0.996,0.958,0.997,3.1443533386627927,0.1541321513115328,-1.5765055202655265,0.12302242139693338
29,CD8 MLR,MLR63,Pembrolizumab,GEN1053,IL-12p70,LS112418861 58355,LS1170885 CC00481,ug/mL,ug/mL,inhibition,FALSE,0.612,0.682,0.674,0.681,-11.737683258026616,-13.225896056775946,-14.425820230643025,-13.27558908452457
30,CD8 MLR,MLR63,Pembrolizumab,GEN1053,IL-13,LS112418861 58355,LS1170885 CC00481,ug/mL,ug/mL,inhibition,FALSE,0.68,0.606,0.763,0.607,9.946559391790897,14.085201334903045,7.987750198789794,14.046204595947355
31,CD8 MLR,MLR63,Pembrolizumab,GEN1053,IL-1b,LS112418861 58355,LS1170885 CC00481,ug/mL,ug/mL,inhibition,FALSE,0.814,0.895,0.996,0.899,2.123476186573692,1.7634041535610383,0.06761140016892853,1.7044661567635018
32,CD8 MLR,MLR63,Pembrolizumab,GEN1053,IL-2,LS112418861 58355,LS1170885 CC00481,ug/mL,ug/mL,inhibition,FALSE,0.576,0.449,0.515,0.448,-10.672997582165374,-25.397019511002846,-23.561773986694526,-25.469335916088824
33,CD8 MLR,MLR63,Pembrolizumab,GEN1053,IL-4,LS112418861 58355,LS1170885 CC00481,ug/mL,ug/mL,inhibition,FALSE,0,0,0,0,-68.44774291856214,-68.19930800962472,-68.19965634446487,-68.29931028556837
34,CD8 MLR,MLR63,Pembrolizumab,GEN1053,IL-6,LS112418861 58355,LS1170885 CC00481,ug/mL,ug/mL,inhibition,FALSE,0.284,0.438,0.395,0.434,-11.581565633209001,-11.246861158026945,-12.278927039256757,-11.334894814188479
35,CD8 MLR,MLR63,Pembrolizumab,GEN1053,IL-8,LS112418861 58355,LS1170885 CC00481,ug/mL,ug/mL,inhibition,FALSE,0.914,0.76,0.881,0.765,-1.2269363435585892,5.309112924994565,-3.0824405027870654,5.2340551738288825
36,CD8 MLR,MLR63,Pembrolizumab,GEN1053,TNF-a,LS112418861 58355,LS1170885 CC00481,ug/mL,ug/mL,inhibition,FALSE,0.721,0.845,0.946,0.846,6.212687335772185,5.10729178986222,1.7647845259964388,5.0587866727246285
37,CD8 MLR,MLR63,Pembrolizumab,GEN1053,GM-CSF,LS112418861 58355,LS1170885 CC00481,ug/mL,ug/mL,inhibition,FALSE,0.196,0.182,0.21,0.182,29.90085660893394,32.06098879688013,29.92661383534382,32.04898338732681
38,CD8 MLR,MLR63,Pembrolizumab,GEN1053,IL-12p40,LS112418861 58355,LS1170885 CC00481,ug/mL,ug/mL,inhibition,FALSE,0.062,0.113,0.087,0.113,20.235740323431074,20.8505122118781,20.593646076275526,20.817054405155577
39,CD8 MLR,MLR63,Pembrolizumab,GEN1053,IL-15,LS112418861 58355,LS1170885 CC00481,ug/mL,ug/mL,inhibition,FALSE,0,0,0,0,96.3205825093382,78.87440510816394,99.22478153489936,78.87264378151073
40,CD8 MLR,MLR63,Pembrolizumab,GEN1053,IL-16,LS112418861 58355,LS1170885 CC00481,ug/mL,ug/mL,inhibition,FALSE,0,0,0,0,267.4240253787848,130.6834628182213,272.12902146976745,159.75965971058304
41,CD8 MLR,MLR63,Pembrolizumab,GEN1053,IL-17,LS112418861 58355,LS1170885 CC00481,ug/mL,ug/mL,inhibition,FALSE,0.695,0.883,0.753,0.884,10.698852352682332,4.477686770339054,8.34851752233289,4.441809764641947
42,CD8 MLR,MLR63,Pembrolizumab,GEN1053,IL-1a,LS112418861 58355,LS1170885 CC00481,ug/mL,ug/mL,inhibition,FALSE,0.28,0.277,0.328,0.278,26.16783186096136,26.538143502125735,25.48027012792976,26.51358824062261
43,CD8 MLR,MLR63,Pembrolizumab,GEN1053,IL-5,LS112418861 58355,LS1170885 CC00481,ug/mL,ug/mL,inhibition,FALSE,0.256,0.256,0.258,0.256,41.94704552123583,40.42032846714547,41.31928722300262,40.41689866606965
44,CD8 MLR,MLR63,Pembrolizumab,GEN1053,IL-7,LS112418861 58355,LS1170885 CC00481,ug/mL,ug/mL,inhibition,FALSE,0.649,0.608,0.766,0.61,5.790068427332275,9.639230071265574,5.10995081849779,9.603993685336528
45,CD8 MLR,MLR63,Pembrolizumab,GEN1053,TNF-b,LS112418861 58355,LS1170885 CC00481,ug/mL,ug/mL,inhibition,FALSE,0.306,0.292,0.302,0.292,29.799959251418773,32.189916043157304,30.026386200835777,32.17910714409959
46,CD8 MLR,MLR63,Pembrolizumab,GEN1053,Eotaxin,LS112418861 58355,LS1170885 CC00481,ug/mL,ug/mL,inhibition,FALSE,0.788,0.521,0.871,0.457,-5.029724470929664,16.546549134311988,-4.1667880063893685,18.36525540580651
47,CD8 MLR,MLR63,Pembrolizumab,GEN1053,Eotaxin-3,LS112418861 58355,LS1170885 CC00481,ug/mL,ug/mL,inhibition,FALSE,0.663,0.294,0.708,0.295,7.922443018499141,24.964810061509098,8.207586859996775,24.940497946552544
48,CD8 MLR,MLR63,Pembrolizumab,GEN1053,IP-10,LS112418861 58355,LS1170885 CC00481,ug/mL,ug/mL,inhibition,FALSE,0.373,0.333,0.49,0.335,12.621064928641822,15.789425362593814,11.913931240195868,15.744047303954416
49,CD8 MLR,MLR63,Pembrolizumab,GEN1053,MCP-1,LS112418861 58355,LS1170885 CC00481,ug/mL,ug/mL,inhibition,FALSE,0.096,0.256,0.05,0.254,104.45662943005763,42.728076205821345,111.98326989430599,42.90023497779702
50,CD8 MLR,MLR63,Pembrolizumab,GEN1053,MCP-4,LS112418861 58355,LS1170885 CC00481,ug/mL,ug/mL,inhibition,FALSE,0.016,0.006,0.043,0.008,24.26870200407971,35.621441062342704,24.4005246930298,32.92713429944298
52,CD8 MLR,MLR63,Pembrolizumab,GEN1053,MIP-1b,LS112418861 58355,LS1170885 CC00481,ug/mL,ug/mL,inhibition,FALSE,0.473,0.319,0.703,0.307,8.984268850267293,19.08128270300844,8.118109664106735,19.469888102017645
55,CD8 MLR,MLR63,GEN1056,GEN1053,IFNg,LS112418861 58355,LS1170885 CC00481,ug/mL,ug/mL,inhibition,FALSE,0.39,0.57,0.626,0.499,9.268746426700401,9.842074660402812,8.522864004514261,8.897921313003096
56,CD8 MLR,MLR63,Pembrolizumab,GEN1053,IFNg,LS112418861 58355,LS1170885 CC00481,ug/mL,ug/mL,inhibition,FALSE,0.4,0.534,0.582,0.537,11.074871451196806,10.214741376566748,9.422336716553849,10.164868753055007
57,CD8 MLR,MLR64,GEN1056,GEN1053,IL-10,LS112418861 58355,LS1169965 M7281,ug/mL,ug/mL,inhibition,FALSE,0.22,0.47,0.463,0.302,-13.911052843976327,-14.76735974962619,-15.102594127656653,-14.402170576287974
58,CD8 MLR,MLR64,GEN1056,GEN1053,IL-12p70,LS112418861 58355,LS1169965 M7281,ug/mL,ug/mL,inhibition,FALSE,0.767,0.811,0.778,0.877,-3.6064842967204562,-4.163801479996669,-4.739565495631438,-2.752142455835812
59,CD8 MLR,MLR64,GEN1056,GEN1053,IL-13,LS112418861 58355,LS1169965 M7281,ug/mL,ug/mL,inhibition,FALSE,0.486,0.532,0.548,0.557,8.883516459975866,10.820371076207257,8.66367695436515,9.261153238526882
60,CD8 MLR,MLR64,GEN1056,GEN1053,IL-1b,LS112418861 58355,LS1169965 M7281,ug/mL,ug/mL,inhibition,FALSE,0.951,0.73,0.977,0.735,0.8487962546192613,7.714213077878544,-0.612180668667503,5.297875883128778
61,CD8 MLR,MLR64,GEN1056,GEN1053,IL-2,LS112418861 58355,LS1169965 M7281,ug/mL,ug/mL,inhibition,FALSE,0.899,0.975,0.91,0.975,-1.9838735755874004,-0.5903858399874606,-2.016434165325265,-0.6042239464024185
62,CD8 MLR,MLR64,GEN1056,GEN1053,IL-4,LS112418861 58355,LS1169965 M7281,ug/mL,ug/mL,inhibition,FALSE,0.068,0.066,0.118,0.04,-40.07914239919651,-42.80310721926701,-40.10538861068347,-43.052701369299484
63,CD8 MLR,MLR64,GEN1056,GEN1053,IL-6,LS112418861 58355,LS1169965 M7281,ug/mL,ug/mL,inhibition,FALSE,0.727,0.792,0.888,0.834,2.83489396810405,3.2001891784973413,1.5592000347831596,2.723074537770945
64,CD8 MLR,MLR64,GEN1056,GEN1053,IL-8,LS112418861 58355,LS1169965 M7281,ug/mL,ug/mL,inhibition,FALSE,0.281,0.954,0.559,0.717,82.08940486639423,4.7095918080347055,74.11228838831504,29.800530443851944
65,CD8 MLR,MLR64,GEN1056,GEN1053,TNF-a,LS112418861 58355,LS1169965 M7281,ug/mL,ug/mL,inhibition,FALSE,0.563,0.704,0.703,0.749,5.878212784087057,5.191358884800479,4.662765144507503,4.31670739191486
66,CD8 MLR,MLR64,GEN1056,GEN1053,GM-CSF,LS112418861 58355,LS1169965 M7281,ug/mL,ug/mL,inhibition,FALSE,0.195,0.287,0.155,0.306,19.39809909407302,18.440217993925263,21.05277581495146,17.410368827807176
67,CD8 MLR,MLR64,GEN1056,GEN1053,IL-12p40,LS112418861 58355,LS1169965 M7281,ug/mL,ug/mL,inhibition,FALSE,0.203,0.335,0.314,0.344,13.193580432427508,13.412834354319182,13.434971195977832,12.308222825142959
68,CD8 MLR,MLR64,GEN1056,GEN1053,IL-15,LS112418861 58355,LS1169965 M7281,ug/mL,ug/mL,inhibition,FALSE,0.034,0.238,0.057,0.255,30.953592506774815,22.206096518172174,34.64364728749506,21.650637485001766
69,CD8 MLR,MLR64,GEN1056,GEN1053,IL-16,LS112418861 58355,LS1169965 M7281,ug/mL,ug/mL,inhibition,FALSE,0.079,0.582,0.156,0.144,143.3185487893916,42.35890921085298,144.28897000863154,72.44861958929354
70,CD8 MLR,MLR64,GEN1056,GEN1053,IL-17,LS112418861 58355,LS1169965 M7281,ug/mL,ug/mL,inhibition,FALSE,0.262,0.507,0.459,0.494,17.05104518162287,16.10862793927209,17.908589143953137,15.385997155035293
71,CD8 MLR,MLR64,GEN1056,GEN1053,IL-1a,LS112418861 58355,LS1169965 M7281,ug/mL,ug/mL,inhibition,FALSE,0.245,0.368,0.34,0.386,18.494084850775298,17.72735163032818,18.542845313810158,16.528400263948264
72,CD8 MLR,MLR64,GEN1056,GEN1053,IL-5,LS112418861 58355,LS1169965 M7281,ug/mL,ug/mL,inhibition,FALSE,0.027,0.213,0.05,0.218,21.199007201810346,20.464741205046796,22.881066942394877,19.07511321239788
73,CD8 MLR,MLR64,GEN1056,GEN1053,IL-7,LS112418861 58355,LS1169965 M7281,ug/mL,ug/mL,inhibition,FALSE,0.178,0.383,0.38,0.374,16.634895096408187,18.348551098416614,18.145100556235647,17.584306387176415
74,CD8 MLR,MLR64,GEN1056,GEN1053,TNF-b,LS112418861 58355,LS1169965 M7281,ug/mL,ug/mL,inhibition,FALSE,0.174,0.38,0.169,0.378,20.253677407826725,19.64751281083193,22.22117075478742,17.798555889126714
75,CD8 MLR,MLR64,GEN1056,GEN1053,VEGF,LS112418861 58355,LS1169965 M7281,ug/mL,ug/mL,inhibition,FALSE,0.166,0.331,0.311,0.356,23.929944279580084,23.4016888397656,24.049306519219197,22.228319351594212
76,CD8 MLR,MLR64,GEN1056,GEN1053,Eotaxin,LS112418861 58355,LS1169965 M7281,ug/mL,ug/mL,inhibition,FALSE,0.717,0.986,0.792,0.808,-4.997163199840369,-0.43977605543813386,-6.602593009628763,5.005166219990225
77,CD8 MLR,MLR64,GEN1056,GEN1053,Eotaxin-3,LS112418861 58355,LS1169965 M7281,ug/mL,ug/mL,inhibition,FALSE,0.893,0.588,0.95,0.654,1.9471243191751373,10.927378517823222,1.1480595616481801,10.030205958025576
78,CD8 MLR,MLR64,GEN1056,GEN1053,IP-10,LS112418861 58355,LS1169965 M7281,ug/mL,ug/mL,inhibition,FALSE,0.442,0.615,0.551,0.679,9.644592940946955,8.146452060672194,9.284003560113145,6.319352977548354
79,CD8 MLR,MLR64,GEN1056,GEN1053,MCP-1,LS112418861 58355,LS1169965 M7281,ug/mL,ug/mL,inhibition,FALSE,0.868,0.82,0.93,0.831,-2.7906448875570606,-4.353585934735114,-2.1493914716100075,-4.4701531659998714
80,CD8 MLR,MLR64,GEN1056,GEN1053,MCP-4,LS112418861 58355,LS1169965 M7281,ug/mL,ug/mL,inhibition,FALSE,0.605,0.565,0.771,0.525,6.942778766923678,12.212267795029435,5.711699801107488,12.136277476871413
81,CD8 MLR,MLR64,GEN1056,GEN1053,MDC,LS112418861 58355,LS1169965 M7281,ug/mL,ug/mL,inhibition,FALSE,0.117,0.45,0.425,0.715,730.976427667769,-106.71287975489827,739.7149738276967,57.726166338419766
82,CD8 MLR,MLR64,GEN1056,GEN1053,MIP-1b,LS112418861 58355,LS1169965 M7281,ug/mL,ug/mL,inhibition,FALSE,0.176,0.286,0.355,0.368,16.497769200387957,15.208069041573653,19.176741652998132,10.37621560408853
84,CD8 MLR,MLR64,Pembrolizumab,GEN1053,IL-10,LS112418861 58355,LS1169965 M7281,ug/mL,ug/mL,inhibition,FALSE,0.091,0.408,0.464,0.409,16.11145684588577,17.071334855442306,15.721663228630677,17.05064046113413
85,CD8 MLR,MLR64,Pembrolizumab,GEN1053,IL-12p70,LS112418861 58355,LS1169965 M7281,ug/mL,ug/mL,inhibition,FALSE,0.036,0.305,0.295,0.304,-18.474342318596328,-18.306689928190476,-18.527743507649383,-18.38460279614591
86,CD8 MLR,MLR64,Pembrolizumab,GEN1053,IL-13,LS112418861 58355,LS1169965 M7281,ug/mL,ug/mL,inhibition,FALSE,0.464,0.534,0.541,0.535,14.334818835637234,16.115117803738784,13.115616812965614,16.08255507567475
87,CD8 MLR,MLR64,Pembrolizumab,GEN1053,IL-1b,LS112418861 58355,LS1169965 M7281,ug/mL,ug/mL,inhibition,FALSE,0.419,0.146,0.386,0.146,5.937677220586657,12.43496140999904,6.329423714233371,12.408565334080434
88,CD8 MLR,MLR64,Pembrolizumab,GEN1053,IL-2,LS112418861 58355,LS1169965 M7281,ug/mL,ug/mL,inhibition,FALSE,0.25,0.208,0.207,0.208,20.29354398181169,24.144948136716263,22.11608978405729,24.118334012451797
89,CD8 MLR,MLR64,Pembrolizumab,GEN1053,IL-4,LS112418861 58355,LS1169965 M7281,ug/mL,ug/mL,inhibition,FALSE,0,0,0,0,-76.79713912748284,-76.75187810967998,-76.75186973158175,-76.85187728031923
90,CD8 MLR,MLR64,Pembrolizumab,GEN1053,IL-6,LS112418861 58355,LS1169965 M7281,ug/mL,ug/mL,inhibition,FALSE,0.5,0.655,0.721,0.657,5.5339594569893125,6.153143676895458,4.818692767860836,6.114409694184812
91,CD8 MLR,MLR64,Pembrolizumab,GEN1053,IL-8,LS112418861 58355,LS1169965 M7281,ug/mL,ug/mL,inhibition,FALSE,0.029,0.169,0.122,0.187,115.81463662390881,59.98045677406233,114.78356223949245,74.89821212106698
92,CD8 MLR,MLR64,Pembrolizumab,GEN1053,TNF-a,LS112418861 58355,LS1169965 M7281,ug/mL,ug/mL,inhibition,FALSE,0.46,0.547,0.537,0.549,12.796200758929759,12.514419836169493,11.634416612076725,12.461561996284006
93,CD8 MLR,MLR64,Pembrolizumab,GEN1053,GM-CSF,LS112418861 58355,LS1169965 M7281,ug/mL,ug/mL,inhibition,FALSE,0.214,0.209,0.137,0.209,30.857671710427223,31.37913135257364,33.270195610752964,31.366739587567075
94,CD8 MLR,MLR64,Pembrolizumab,GEN1053,IL-12p40,LS112418861 58355,LS1169965 M7281,ug/mL,ug/mL,inhibition,FALSE,0,0.007,0.018,0.007,30.441263347351228,33.09037008518975,32.95804792972346,33.07187818669743
95,CD8 MLR,MLR64,Pembrolizumab,GEN1053,IL-15,LS112418861 58355,LS1169965 M7281,ug/mL,ug/mL,inhibition,FALSE,0,0.003,0,0.003,56.300021153779554,48.78577661421768,57.84609082535799,48.77490178321503
96,CD8 MLR,MLR64,Pembrolizumab,GEN1053,IL-16,LS112418861 58355,LS1169965 M7281,ug/mL,ug/mL,inhibition,FALSE,0,0,0,0,200.39831979550945,108.97822106272615,200.5658663037824,108.98862557931601
97,CD8 MLR,MLR64,Pembrolizumab,GEN1053,IL-17,LS112418861 58355,LS1169965 M7281,ug/mL,ug/mL,inhibition,FALSE,0.883,0.891,0.939,0.89,3.4588064444209876,-4.817823004318722,-2.767168313106548,-4.859163666456606
98,CD8 MLR,MLR64,Pembrolizumab,GEN1053,IL-1a,LS112418861 58355,LS1169965 M7281,ug/mL,ug/mL,inhibition,FALSE,0.318,0.33,0.313,0.33,23.447443973797558,22.843782455928004,23.315953571662337,22.82304567189679
99,CD8 MLR,MLR64,Pembrolizumab,GEN1053,IL-5,LS112418861 58355,LS1169965 M7281,ug/mL,ug/mL,inhibition,FALSE,0.009,0.138,0.013,0.138,28.923773062677075,30.15889605330315,30.24561872280302,30.14267465213315
100,CD8 MLR,MLR64,Pembrolizumab,GEN1053,IL-7,LS112418861 58355,LS1169965 M7281,ug/mL,ug/mL,inhibition,FALSE,0.423,0.471,0.505,0.471,15.06396480418947,17.776218375741955,16.25766201276198,17.758739283979008
101,CD8 MLR,MLR64,Pembrolizumab,GEN1053,TNF-b,LS112418861 58355,LS1169965 M7281,ug/mL,ug/mL,inhibition,FALSE,0.103,0.164,0.038,0.164,32.58148409066329,35.28838331969831,35.47873442931123,35.27631586164988
102,CD8 MLR,MLR64,Pembrolizumab,GEN1053,VEGF,LS112418861 58355,LS1169965 M7281,ug/mL,ug/mL,inhibition,FALSE,0.614,0.654,0.652,0.653,-9.61560872372361,-15.426213165726898,-15.269960223655858,-15.474627318864645
103,CD8 MLR,MLR64,Pembrolizumab,GEN1053,Eotaxin,LS112418861 58355,LS1169965 M7281,ug/mL,ug/mL,inhibition,FALSE,0.685,0.911,0.546,0.789,-7.6327856503534735,-2.933268691577016,-11.919904693949835,6.663506382951741
104,CD8 MLR,MLR64,Pembrolizumab,GEN1053,Eotaxin-3,LS112418861 58355,LS1169965 M7281,ug/mL,ug/mL,inhibition,FALSE,0.024,0.029,0.035,0.029,15.998711175985234,31.36525984736112,18.21185805422959,31.347418125368925
105,CD8 MLR,MLR64,Pembrolizumab,GEN1053,IP-10,LS112418861 58355,LS1169965 M7281,ug/mL,ug/mL,inhibition,FALSE,0.296,0.443,0.429,0.443,18.245751990631494,19.864157736881452,20.801607145176405,19.843696776853886
106,CD8 MLR,MLR64,Pembrolizumab,GEN1053,MCP-1,LS112418861 58355,LS1169965 M7281,ug/mL,ug/mL,inhibition,FALSE,0.084,0.303,0.317,0.305,15.187499322093279,15.304085889798365,16.51571978528406,15.270085975992329
107,CD8 MLR,MLR64,Pembrolizumab,GEN1053,MCP-4,LS112418861 58355,LS1169965 M7281,ug/mL,ug/mL,inhibition,FALSE,0.562,0.413,0.572,0.425,16.137930881510453,28.21802270377131,18.559406920552917,28.31291451476264
108,CD8 MLR,MLR64,Pembrolizumab,GEN1053,MDC,LS112418861 58355,LS1169965 M7281,ug/mL,ug/mL,inhibition,FALSE,0.064,0.802,0.178,0,1770.7090346779635,57.496781630481244,1780.213093789401,144.50100505388767
109,CD8 MLR,MLR64,Pembrolizumab,GEN1053,MIP-1b,LS112418861 58355,LS1169965 M7281,ug/mL,ug/mL,inhibition,FALSE,0.47,0.685,0.686,0.689,5.0207618820061555,4.4510001079433765,5.0252593740752545,4.398506219255306
111,CD8 MLR,MLR64,GEN1056,GEN1053,IFNg,LS112418861 58355,LS1169965 M7281,ug/mL,ug/mL,inhibition,FALSE,0.04,0.121,0.05,0.196,13.012928700680458,11.811709976130423,13.609449054100123,11.432716058747905
112,CD8 MLR,MLR64,Pembrolizumab,GEN1053,IFNg,LS112418861 58355,LS1169965 M7281,ug/mL,ug/mL,inhibition,FALSE,0,0,0,0,42.29855589561202,43.345685014476274,45.73682579632957,43.328909685694526
113,CD3 MLR,MLR77,GEN1055,GEN1056,IFNg,LS1171530,LS1164212,ug/mL,ug/mL,inhibition,FALSE,0.454,0.564,0.618,0.475,-13.936385270724996,-15.545535496193994,-13.303168402129977,-16.654696888928562
114,CD3 MLR,MLR77,GEN1055,GEN1056,IFNg,LS1171530,LS1162937A,ug/mL,ug/mL,inhibition,FALSE,0.16,0.578,0.303,0.549,-16.65275692680541,-10.659702058511359,-16.151812887102786,-10.996162110348738
115,CD3 MLR,MLR77,GEN1055,Pembro,IFNg,LS1171530,LS1164212,ug/mL,ug/mL,inhibition,FALSE,0.006,0.077,0.077,0.076,-31.38948945191069,-34.23767082982919,-34.238349972682215,-34.33758251758776
116,CD3 MLR,MLR77,GEN1055,Pembro,IFNg,LS1171530,LS1162937A,ug/mL,ug/mL,inhibition,FALSE,0.518,0.926,0.49,0.911,4.88904628527808,-0.3274334538677787,6.8596549115363885,-0.3965354768980897
117,CD8 MLR,MLR55,GEN1046,GEN1056,IFNg,"LS 11 69647, M7412","LS1169965, M7281",ug/mL,ug/mL,inhibition,FALSE,0.154,0.466,0.346,0.345,-27.539117516963277,-22.103353982082716,-27.97713036997166,-22.491614375049284
118,CD8 MLR,MLR55,GEN1046,GEN1056,IFNg,"LS 2418861, 58355","LS1169965, M7281",ug/mL,ug/mL,inhibition,FALSE,0.653,0.865,0.743,0.833,-12.124217528621683,-6.204597522376495,-11.515568716153142,-6.69193507678438
119,CD8 MLR,MLR55,GEN1046,Pembrolizumab analog,IFNg,"LS 11 69647, M7412","LS1169965, M7281",ug/mL,ug/mL,inhibition,FALSE,0,0.273,0.144,0.206,78.43260149851949,41.03188151435608,91.37084064987033,48.18098882430694
120,CD8 MLR,MLR55,GEN1046,Pembrolizumab analog,IFNg,"LS 2418861, 58355","LS1169965, M7281",ug/mL,ug/mL,inhibition,FALSE,0.484,0.637,0.807,0.557,9.734361814082911,11.68418105442485,8.598891945372996,13.247805389552989
123,Tex Assay,TCE10,GEN1046,Pembrolizumab,IFNg,"LS 24 18861, 58355",236,ug/mL,ug/mL,inhibition,FALSE,0.428,0.389,0.613,0.434,8.98029972415315,18.21839027078317,9.24781839778046,18.091730135102384
124,Tex Assay,TCE11,GEN1046,Pembrolizumab,IFNg,"LS 24 18861, 58355",937,ug/mL,ug/mL,inhibition,FALSE,0.353,0.334,0.438,0.37,10.90743250699583,19.774288037381908,10.059347448559652,19.58980471960904
125,Tex Assay,TCE12,GEN1046,Pembrolizumab,IFNg,"LS 24 18861, 58355",235,ug/mL,ug/mL,inhibition,FALSE,0.854,0.837,0.968,0.824,4.669791210333762,8.974374747700821,1.5609066618984873,9.087082866732045
126,Tex Assay,TCE7,GEN1046,Pembrolizumab,IFNg,"LS 24 18861, 58355",937,ug/mL,ug/mL,inhibition,FALSE,0.921,0.727,0.913,0.772,0.8544862223313187,5.466586111203996,-1.3389228451700923,5.165557693066888
127,Tex Assay,TCE8,GEN1046,Pembrolizumab,IFNg,"LS 24 18861, 58355",635,ug/mL,ug/mL,inhibition,FALSE,0.001,0.591,0.102,0.561,-15.731082557198329,-10.759170292376904,-20.8709803350369,-11.6508176189898
128,ATP CD8 MLR,MLR90,GEN1062,pembrolizumab,IL6,LS2418861,CHS-00014614,ug/mL,ug/mL,inhibition,FALSE,0.331,0.331,0.352,0.317,37.06834706142658,39.306167826882245,36.630622769585685,38.888087713055086
129,CD8 MLR,MLR90,GEN1062,pembrolizumab,IL6,LS2418861,CHS-00014614,ug/mL,ug/mL,inhibition,FALSE,0,0,0,0,-34.064188421727295,-34.08623859002432,-34.08626731400048,-34.186240000787194
130,ATP CD8 MLR,MLR90,GEN1062,pembrolizumab,IL6,LS2418861,LS8846348A,ug/mL,ug/mL,inhibition,FALSE,0.519,0.601,0.597,0.598,14.874578025026887,15.502121141285386,13.343299411241036,15.45419149452479
131,CD8 MLR,MLR90,GEN1062,pembrolizumab,IL6,LS2418861,LS8846348A,ug/mL,ug/mL,inhibition,FALSE,0.836,0.989,0.986,0.988,2.705002464654678,-0.380777228950618,-0.44507533055876297,-0.421746000932238
132,CD8 MLR,MLR85,GEN1053,Pembrolizumab,IL-10,LS 24 18861 58355,LS 11 69613B CC00489,ug/mL,ug/mL,inhibition,FALSE,0.418,0.413,0.631,0.195,-26.719973995761983,-36.096591567869474,-25.44605052566866,-40.98509587927583
133,CD8 MLR,MLR85,GEN1053,Pembrolizumab,IL-13,LS 24 18861 58355,LS 11 69613B CC00489,ug/mL,ug/mL,inhibition,FALSE,0.526,0.501,0.543,0.454,-9.65942048266305,-14.420623655073186,-13.50379198952582,-15.2023431750406
134,CD8 MLR,MLR85,GEN1053,Pembrolizumab,IL-1b,LS 24 18861 58355,LS 11 69613B CC00489,ug/mL,ug/mL,inhibition,FALSE,0.42,0.513,0.655,0.607,-23.21524381786638,-35.5240760898901,-29.96125470155903,-23.60769586492037
135,CD8 MLR,MLR85,GEN1053,Pembrolizumab,IL-2,LS 24 18861 58355,LS 11 69613B CC00489,ug/mL,ug/mL,inhibition,FALSE,0.856,0.445,0.81,0.151,-4.57906564200955,-31.14125141838175,-11.835358742695561,-47.72518743804821
136,CD8 MLR,MLR85,GEN1053,Pembrolizumab,IL-4,LS 24 18861 58355,LS 11 69613B CC00489,ug/mL,ug/mL,inhibition,FALSE,0.086,0.111,0.187,0.064,-64.83567610735233,-70.05815498553127,-66.18909134569415,-67.90008551195794
137,CD8 MLR,MLR85,GEN1053,Pembrolizumab,IL-6,LS 24 18861 58355,LS 11 69613B CC00489,ug/mL,ug/mL,inhibition,FALSE,0.28,0.238,0.173,0.321,-30.49988282257546,-38.333224557993006,-43.535573599273896,-36.3442439909208
138,CD8 MLR,MLR85,GEN1053,Pembrolizumab,IL-8,LS 24 18861 58355,LS 11 69613B CC00489,ug/mL,ug/mL,inhibition,FALSE,0.179,0.339,0.331,0.3,-38.43684423872521,-44.513419469446035,-47.209458907712836,-49.15920592732369
139,CD8 MLR,MLR85,GEN1053,Pembrolizumab,TNF-a,LS 24 18861 58355,LS 11 69613B CC00489,ug/mL,ug/mL,inhibition,FALSE,0.515,0.255,0.554,0.185,-22.69302400861073,-32.80235589139562,-21.974961554651927,-35.81999692465238
140,CD8 MLR,MLR85,GEN1053,Pembrolizumab,GM-CSF,LS 24 18861 58355,LS 11 69613B CC00489,ug/mL,ug/mL,inhibition,FALSE,0.45,0.234,0.458,0.173,-20.655753225999486,-30.947378794718198,-24.071592901131265,-33.702535587307096
141,CD8 MLR,MLR85,GEN1053,Pembrolizumab,IL-12p40,LS 24 18861 58355,LS 11 69613B CC00489,ug/mL,ug/mL,inhibition,FALSE,0.438,0.741,0.613,0.708,-11.126116288515249,-9.962054625096803,-15.62646290570466,-10.050911481948463
142,CD8 MLR,MLR85,GEN1053,Pembrolizumab,IL-15,LS 24 18861 58355,LS 11 69613B CC00489,ug/mL,ug/mL,inhibition,FALSE,0.506,0.345,0.489,0.374,-33.4087796296175,-51.711024321952,-42.18630418935415,-51.22438437918438
143,CD8 MLR,MLR85,GEN1053,Pembrolizumab,IL-5,LS 24 18861 58355,LS 11 69613B CC00489,ug/mL,ug/mL,inhibition,FALSE,0.566,0.567,0.577,0.569,-4.245192335447385,-4.310316180125698,-4.22777156419452,-4.359415488435734
144,CD8 MLR,MLR85,GEN1053,Pembrolizumab,MCP-1,LS 24 18861 58355,LS 11 69613B CC00489,ug/mL,ug/mL,inhibition,FALSE,0.272,0.353,0.376,0.231,-28.144097636381282,-29.36707277893967,-28.529452927211217,-29.564745714576226
145,CD8 MLR,MLR85,GEN1053,Pembrolizumab,MDC,LS 24 18861 58355,LS 11 69613B CC00489,ug/mL,ug/mL,inhibition,FALSE,0.161,0.668,0.495,0.673,-22.85630021163473,-16.97138292553105,-26.812513054737035,-13.129547334395058
146,CD8 MLR,MLR85,GEN1053,Pembrolizumab,MCP-3,LS 24 18861 58355,LS 11 69613B CC00489,ug/mL,ug/mL,inhibition,FALSE,0.318,0.297,0.378,0.206,-29.197221399534726,-34.33303462997855,-31.02570698910126,-34.872374281369396
147,CD8 MLR,MLR85,GEN1053,Pembrolizumab,IL-17a,LS 24 18861 58355,LS 11 69613B CC00489,ug/mL,ug/mL,inhibition,FALSE,0.488,0.446,0.533,0.393,-16.209836481719044,-25.580924860891738,-24.25170039786775,-23.006697765854682
148,CD8 MLR,MLR85,GEN1053,Pembrolizumab,MIP-1a,LS 24 18861 58355,LS 11 69613B CC00489,ug/mL,ug/mL,inhibition,FALSE,0.368,0.259,0.378,0.252,-25.544634851060984,-32.3068267458694,-27.437594230341297,-35.342579257992405
149,CD8 MLR,MLR85,GEN1053,Pembrolizumab,RANTES,LS 24 18861 58355,LS 11 69613B CC00489,ug/mL,ug/mL,inhibition,FALSE,0.178,0.114,0.147,0.128,-36.85012768705774,-44.134203985614334,-43.67568177287143,-44.699728831230836
151,CD8 MLR,MLR85,GEN1053,Pembrolizumab,TIM-3,LS 24 18861 58355,LS 11 69613B CC00489,ug/mL,ug/mL,inhibition,FALSE,0.889,0.113,0.899,0.089,-45.45904970571851,-275.4939466804467,69.54570681141601,-277.3776985326815
152,CD8 MLR,MLR85,GEN1053,Pembrolizumab,HVEM,LS 24 18861 58355,LS 11 69613B CC00489,ug/mL,ug/mL,inhibition,FALSE,0.542,0.202,0.743,0.146,-51.119967624746515,-80.32978451730233,-36.496902997240596,-85.13323881918062
153,CD8 MLR,MLR85,GEN1053,Pembrolizumab,CD40,LS 24 18861 58355,LS 11 69613B CC00489,ug/mL,ug/mL,inhibition,FALSE,0.695,0.226,0.95,0.184,-53.54407562285942,-121.39464583085483,-13.291148996466447,-126.72038888580474
154,CD8 MLR,MLR85,GEN1053,Pembrolizumab,LAG-3,LS 24 18861 58355,LS 11 69613B CC00489,ug/mL,ug/mL,inhibition,FALSE,0.533,0.507,0.748,0.364,-12.455109707881812,-19.405189437412666,-11.200906509603845,-19.38865021578884
155,CD8 MLR,MLR85,GEN1053,Pembrolizumab,TLR-2,LS 24 18861 58355,LS 11 69613B CC00489,ug/mL,ug/mL,inhibition,FALSE,0.444,0.493,0.613,0.481,-23.04122836981129,-28.73595692896195,-25.63238362439986,-27.61106338260249
156,CD8 MLR,MLR85,GEN1053,Pembrolizumab,PD-1,LS 24 18861 58355,LS 11 69613B CC00489,ug/mL,ug/mL,inhibition,FALSE,0.499,0.374,0.548,0.537,-13.693951265863161,-16.331433093280722,-11.478531340213008,-16.417760149897084
158,CD8 MLR,MLR85,GEN1053,Pembrolizumab,CD80/B7-1,LS 24 18861 58355,LS 11 69613B CC00489,ug/mL,ug/mL,inhibition,FALSE,0.747,0.693,0.735,0.255,2.815034790517449,-2.842217533172647,4.527846161367717,-6.102938329248495
159,CD8 MLR,MLR85,GEN1053,Pembrolizumab,CD86/B7-2,LS 24 18861 58355,LS 11 69613B CC00489,ug/mL,ug/mL,inhibition,FALSE,0.578,0.436,0.799,0.398,-25.163161366069502,-37.70763280180437,-18.765446802277975,-38.31610083894105
160,CD8 MLR,MLR85,GEN1053,Pembrolizumab,PD-L1,LS 24 18861 58355,LS 11 69613B CC00489,ug/mL,ug/mL,inhibition,FALSE,0.967,0.574,0.862,0.508,2.2346302302150436,-30.66590741817012,14.247823713273494,-31.36972819680159
161,CD8 MLR,MLR85,GEN1053,Pembrolizumab,PD-L2,LS 24 18861 58355,LS 11 69613B CC00489,ug/mL,ug/mL,inhibition,FALSE,0.625,0.162,0.756,0.138,-72.87686623309673,-180.21815692556964,-72.81797193063343,-184.26897637395155
162,CD8 MLR,MLR85,GEN1053,Pembrolizumab,CD40L,LS 24 18861 58355,LS 11 69613B CC00489,ug/mL,ug/mL,inhibition,FALSE,0.258,0.549,0.688,0.519,-26.781652067305355,-35.095582204484266,-27.065984624748676,-23.35152228896873
163,CD8 MLR,MLR85,GEN1053,Pembrolizumab,4-1BBL/TNFSF9,LS 24 18861 58355,LS 11 69613B CC00489,ug/mL,ug/mL,inhibition,FALSE,0.777,0.976,0.944,0.969,7.193293222192622,-1.9911629071378711,4.919359951781724,-2.5986106169630925
164,CD8 MLR,MLR85,GEN1053,Pembrolizumab,B7-H2/ICOSL,LS 24 18861 58355,LS 11 69613B CC00489,ug/mL,ug/mL,inhibition,FALSE,0.874,0.401,0.882,0.341,18.35317949445155,-72.3899858612719,27.48495156144194,-75.34779065620637
165,CD8 MLR,MLR85,GEN1053,Pembrolizumab,B7-H4/VTCN1,LS 24 18861 58355,LS 11 69613B CC00489,ug/mL,ug/mL,inhibition,FALSE,0.889,0.942,0.837,0.98,7.2017005687481825,-2.785004813101022,20.418874847375832,-0.6290379955233723
166,CD8 MLR,MLR85,GEN1053,Pembrolizumab,APRIL,LS 24 18861 58355,LS 11 69613B CC00489,ug/mL,ug/mL,inhibition,FALSE,0.177,0.406,0.555,0.333,196.69042933775106,-136.3231527719904,246.58690871919882,-145.13545187910327
167,CD8 MLR,MLR85,GEN1053,Pembrolizumab,CD25/IL-2Ra,LS 24 18861 58355,LS 11 69613B CC00489,ug/mL,ug/mL,inhibition,FALSE,0.916,0.393,0.909,0.212,-4.812823624136682,-33.01625368295394,8.715729536164874,-35.711768232580596
168,CD8 MLR,MLR85,GEN1053,Pembrolizumab,B7-H6,LS 24 18861 58355,LS 11 69613B CC00489,ug/mL,ug/mL,inhibition,FALSE,0.996,0.682,0.947,0.677,0.5261340671370046,-45.46125908294324,11.915330559805206,-45.487388444245006
169,CD8 MLR,MLR85,GEN1053,Pembrolizumab,CD137/4-1BB,LS 24 18861 58355,LS 11 69613B CC00489,ug/mL,ug/mL,inhibition,FALSE,0.979,0.797,0.995,0.745,-0.43005062669458344,-5.787056638389673,0.1739999804802167,-7.045123013289801
170,CD8 MLR,MLR85,GEN1053,Pembrolizumab,Granzyme B,LS 24 18861 58355,LS 11 69613B CC00489,ug/mL,ug/mL,inhibition,FALSE,0.548,0.369,0.705,0.291,-25.897459511354313,-39.22446149160911,-23.281379265084798,-40.10919140758741
173,CD8 MLR,MLR85,GEN1053,Pembrolizumab,Galectin-1,LS 24 18861 58355,LS 11 69613B CC00489,ug/mL,ug/mL,inhibition,FALSE,0.095,0.524,0.203,0.536,3447.2724656498276,-340.5333195628862,4157.592453404853,-219.88524911671246
174,CD8 MLR,MLR85,GEN1053,Pembrolizumab,Galectin-3,LS 24 18861 58355,LS 11 69613B CC00489,ug/mL,ug/mL,inhibition,FALSE,0.113,0.829,0.267,0.496,376.8449439155704,-35.00622255523693,454.9476902397132,-112.74590976879814
175,CD8 MLR,MLR85,GEN1053,Pembrolizumab,Granulysin,LS 24 18861 58355,LS 11 69613B CC00489,ug/mL,ug/mL,inhibition,FALSE,0.534,0.31,0.542,0.197,535.9812067632,-276.43889060654527,930.8375801643098,-308.2299547682956
176,CD8 MLR,MLR85,GEN1053,Pembrolizumab,IDO1,LS 24 18861 58355,LS 11 69613B CC00489,ug/mL,ug/mL,inhibition,FALSE,0.862,0.308,0.729,0.18,17.920763275541052,-66.07112684424956,58.91992565596626,-72.79978502211269
178,CD8 MLR,MLR85,GEN1053,Pembrolizumab,BAFF/BLyS,LS 24 18861 58355,LS 11 69613B CC00489,ug/mL,ug/mL,inhibition,FALSE,0.732,0.39,0.68,0.35,31.683273763276844,-52.77411108617752,60.848641580932245,-52.03381339126972
179,CD8 MLR,MLR85,GEN1053,Pembrolizumab,OX40/CD134,LS 24 18861 58355,LS 11 69613B CC00489,ug/mL,ug/mL,inhibition,FALSE,0.323,0.562,0.548,0.471,44.57390759325436,-26.814651390783492,59.84290005379488,-29.50055470534273
180,CD8 MLR,MLR85,GEN1053,Pembrolizumab,Siglec-7,LS 24 18861 58355,LS 11 69613B CC00489,ug/mL,ug/mL,inhibition,FALSE,0.125,0.465,0.414,0.31,30.121445988735672,24.94446136249291,34.1098052208659,28.521031773495842
181,CD8 MLR,MLR85,GEN1053,Pembrolizumab,Siglec-9,LS 24 18861 58355,LS 11 69613B CC00489,ug/mL,ug/mL,inhibition,FALSE,0.793,0.789,0.747,0.727,13.873597293605128,-15.26300735312724,24.964682628894803,-17.773788779878736
182,CD8 MLR,MLR85,GEN1053,Pembrolizumab,Perforin,LS 24 18861 58355,LS 11 69613B CC00489,ug/mL,ug/mL,inhibition,FALSE,0.98,0.406,0.828,0.32,4.265983709104796,-82.95689484550226,56.23024929945834,-91.42269024774328
183,CD8 MLR,MLR85,GEN1053,Pembrolizumab,CD27,LS 24 18861 58355,LS 11 69613B CC00489,ug/mL,ug/mL,inhibition,FALSE,0.766,0.228,0.754,0.164,64.23426506904242,-211.3770326934199,99.06160406890031,-234.39680645695185
184,CD8 MLR,MLR85,GEN1053,Pembrolizumab,B7-H5/VISTA,LS 24 18861 58355,LS 11 69613B CC00489,ug/mL,ug/mL,inhibition,FALSE,0,0.715,0.402,0.867,489.04959202974925,-88.80286187056743,509.60779042525894,-31.17638190017204
185,CD8 MLR,MLR85,GEN1053,Pembrolizumab,MICA,LS 24 18861 58355,LS 11 69613B CC00489,ug/mL,ug/mL,inhibition,FALSE,0.626,0.624,0.815,0.606,-14.690952591106859,-37.08926449110856,-20.41652561665928,-31.471526460324757
186,CD8 MLR,MLR85,GEN1053,Pembrolizumab,MICB,LS 24 18861 58355,LS 11 69613B CC00489,ug/mL,ug/mL,inhibition,FALSE,0.561,0.627,0.934,0.791,45.18195297869506,-67.59655224326526,16.79372500610369,-38.61890714140291
188,CD8 MLR,MLR85,GEN1053,Pembrolizumab,VEGF,LS 24 18861 58355,LS 11 69613B CC00489,ug/mL,ug/mL,inhibition,FALSE,0.716,0.937,0.834,0.967,-5.252313506695472,-2.6191332295219913,-7.320888960940707,-1.4531229884809116
193,CD8 MLR,MLR85,GEN1053,Pembrolizumab,IL-10,LS 24 18861 58355,LS 11 71012 CC00481,ug/mL,ug/mL,inhibition,FALSE,0.934,0.591,0.985,0.395,1.5302086879774446,11.60303270390889,-0.42632055668706503,16.98141173995401
194,CD8 MLR,MLR85,GEN1053,Pembrolizumab,IL-13,LS 24 18861 58355,LS 11 71012 CC00481,ug/mL,ug/mL,inhibition,FALSE,0.576,0.538,0.652,0.557,9.188754244223741,12.992956243695954,8.695436104970884,12.009110258391873
195,CD8 MLR,MLR85,GEN1053,Pembrolizumab,IL-1b,LS 24 18861 58355,LS 11 71012 CC00481,ug/mL,ug/mL,inhibition,FALSE,0.528,0.892,0.763,0.716,-10.942969187997408,-5.261606106779822,-10.699383640991828,-6.949109035178609
196,CD8 MLR,MLR85,GEN1053,Pembrolizumab,IL-2,LS 24 18861 58355,LS 11 71012 CC00481,ug/mL,ug/mL,inhibition,FALSE,0.644,0.81,0.853,0.762,7.348417947021324,7.523291262669986,5.944276641614001,7.097064882423391
197,CD8 MLR,MLR85,GEN1053,Pembrolizumab,IL-4,LS 24 18861 58355,LS 11 71012 CC00481,ug/mL,ug/mL,inhibition,FALSE,0.538,0.62,0.544,0.585,12.710626042018903,12.36634717455441,13.971287904245965,13.443554772823099
198,CD8 MLR,MLR85,GEN1053,Pembrolizumab,IL-6,LS 24 18861 58355,LS 11 71012 CC00481,ug/mL,ug/mL,inhibition,FALSE,0.831,0.423,0.874,0.439,2.9160170098477876,15.547545552129712,2.792158550726913,14.741651134627686
199,CD8 MLR,MLR85,GEN1053,Pembrolizumab,IL-8,LS 24 18861 58355,LS 11 71012 CC00481,ug/mL,ug/mL,inhibition,FALSE,0.524,0.831,0.488,0.679,-9.366102882258444,-6.515939950517858,-20.49782134657497,11.067346487674405
200,CD8 MLR,MLR85,GEN1053,Pembrolizumab,TNF-a,LS 24 18861 58355,LS 11 71012 CC00481,ug/mL,ug/mL,inhibition,FALSE,0.636,0.422,0.721,0.455,6.619308742666855,15.34291616303947,6.276049327019704,14.087430642117301
201,CD8 MLR,MLR85,GEN1053,Pembrolizumab,GM-CSF,LS 24 18861 58355,LS 11 71012 CC00481,ug/mL,ug/mL,inhibition,FALSE,0.519,0.41,0.571,0.43,10.293812678618929,16.487242639434818,10.296057704686378,15.438201475009315
202,CD8 MLR,MLR85,GEN1053,Pembrolizumab,IL-12p40,LS 24 18861 58355,LS 11 71012 CC00481,ug/mL,ug/mL,inhibition,FALSE,0.735,0.474,0.868,0.455,-3.7280872419101714,13.095613834440588,-2.82519505430631,12.919022172846216
203,CD8 MLR,MLR85,GEN1053,Pembrolizumab,IL-15,LS 24 18861 58355,LS 11 71012 CC00481,ug/mL,ug/mL,inhibition,FALSE,0.834,0.889,0.669,0.77,-4.211016301781706,-4.318584520910795,-11.92225563492544,7.132978028523243
204,CD8 MLR,MLR85,GEN1053,Pembrolizumab,IL-5,LS 24 18861 58355,LS 11 71012 CC00481,ug/mL,ug/mL,inhibition,FALSE,0.7,0.635,0.689,0.638,8.838359859231904,10.68591953302419,9.078170863550248,10.754643040974956
205,CD8 MLR,MLR85,GEN1053,Pembrolizumab,VEGF,LS 24 18861 58355,LS 11 71012 CC00481,ug/mL,ug/mL,inhibition,FALSE,0.364,0.963,0.718,0.901,28.427012111475424,-3.246029735785282,34.85189894352535,6.675420526556927
206,CD8 MLR,MLR85,GEN1053,Pembrolizumab,MCP-1,LS 24 18861 58355,LS 11 71012 CC00481,ug/mL,ug/mL,inhibition,FALSE,0.187,0.908,0.45,0.823,-14.002975054120261,-2.9821824124733567,-17.585327069233045,4.718844199311744
207,CD8 MLR,MLR85,GEN1053,Pembrolizumab,MDC,LS 24 18861 58355,LS 11 71012 CC00481,ug/mL,ug/mL,inhibition,FALSE,0.102,0.501,0.237,0.891,-17.56254683571397,-13.952205816812736,-23.346750167802526,-3.0607908752319495
208,CD8 MLR,MLR85,GEN1053,Pembrolizumab,MCP-3,LS 24 18861 58355,LS 11 71012 CC00481,ug/mL,ug/mL,inhibition,FALSE,0.031,0.582,0.211,0.623,-21.952121745685897,-11.423778720491994,-22.58011940670165,-9.216056135410247
209,CD8 MLR,MLR85,GEN1053,Pembrolizumab,IL-17a,LS 24 18861 58355,LS 11 71012 CC00481,ug/mL,ug/mL,inhibition,FALSE,0.511,0.485,0.694,0.408,10.756789313749092,15.796534119430907,9.255909974339556,17.391614348268
210,CD8 MLR,MLR85,GEN1053,Pembrolizumab,MIP-1a,LS 24 18861 58355,LS 11 71012 CC00481,ug/mL,ug/mL,inhibition,FALSE,0.01,0.631,0.234,0.536,-25.240589710132895,-12.047664614256474,-24.45431271795421,-10.370595130624066
211,CD8 MLR,MLR85,GEN1053,Pembrolizumab,RANTES,LS 24 18861 58355,LS 11 71012 CC00481,ug/mL,ug/mL,inhibition,FALSE,0.919,0.646,0.966,0.67,1.7334080688734375,10.582035336935347,0.8634295948177804,9.656639624371763
212,CD8 MLR,MLR85,GEN1053,Pembrolizumab,BTLA,LS 24 18861 58355,LS 11 71012 CC00481,ug/mL,ug/mL,inhibition,FALSE,0.556,0.774,0.783,0.792,-31.050396217356226,-47.95076529103717,-45.57596502460303,-44.660289355744226
213,CD8 MLR,MLR85,GEN1053,Pembrolizumab,CD28,LS 24 18861 58355,LS 11 71012 CC00481,ug/mL,ug/mL,inhibition,FALSE,0.713,0.94,0.875,0.9,11.130540608351101,-3.656534888322815,9.0172973153063,-4.6559624507386665
214,CD8 MLR,MLR85,GEN1053,Pembrolizumab,TIM-3,LS 24 18861 58355,LS 11 71012 CC00481,ug/mL,ug/mL,inhibition,FALSE,0.501,0.623,0.668,0.661,-17.968375658375898,-20.692267036404733,-17.58967798355812,-18.856716725576483
215,CD8 MLR,MLR85,GEN1053,Pembrolizumab,HVEM,LS 24 18861 58355,LS 11 71012 CC00481,ug/mL,ug/mL,inhibition,FALSE,0.358,0.396,0.604,0.392,-29.44205670517151,-36.91556918033048,-24.891262631000377,-36.81202132548556
216,CD8 MLR,MLR85,GEN1053,Pembrolizumab,CD40,LS 24 18861 58355,LS 11 71012 CC00481,ug/mL,ug/mL,inhibition,FALSE,0.561,0.943,0.624,0.991,-8.486319340417644,-1.7879191859943475,-10.899014748268227,-0.35285924420328874
217,CD8 MLR,MLR85,GEN1053,Pembrolizumab,LAG-3,LS 24 18861 58355,LS 11 71012 CC00481,ug/mL,ug/mL,inhibition,FALSE,0.549,0.353,0.612,0.412,5.675126247908663,11.428774062362963,6.102403921385089,10.832146073930316
218,CD8 MLR,MLR85,GEN1053,Pembrolizumab,TLR-2,LS 24 18861 58355,LS 11 71012 CC00481,ug/mL,ug/mL,inhibition,FALSE,0.399,0.363,0.586,0.33,-40.52088096578232,-62.45600676374941,-39.13750952954577,-63.97390607424679
219,CD8 MLR,MLR85,GEN1053,Pembrolizumab,PD-1,LS 24 18861 58355,LS 11 71012 CC00481,ug/mL,ug/mL,inhibition,FALSE,0.335,0.777,0.75,0.335,7.867614762744563,5.187173769958063,5.349943827113707,23.85257522850651
220,CD8 MLR,MLR85,GEN1053,Pembrolizumab,CTLA-4,LS 24 18861 58355,LS 11 71012 CC00481,ug/mL,ug/mL,inhibition,FALSE,0.4,0.227,0.49,0.148,-34.213885051934106,-53.48439785067718,-36.71605820099644,-55.013996258507774
221,CD8 MLR,MLR85,GEN1053,Pembrolizumab,CD80/B7-1,LS 24 18861 58355,LS 11 71012 CC00481,ug/mL,ug/mL,inhibition,FALSE,0.778,0.669,0.816,0.72,2.035179356318365,4.200134407563592,2.629129335498025,3.939279180046144
222,CD8 MLR,MLR85,GEN1053,Pembrolizumab,CD86/B7-2,LS 24 18861 58355,LS 11 71012 CC00481,ug/mL,ug/mL,inhibition,FALSE,0.349,0.871,0.583,0.847,-11.229299722423841,-2.935400744954986,-11.588097933129527,-3.3747545526979934
223,CD8 MLR,MLR85,GEN1053,Pembrolizumab,PD-L1,LS 24 18861 58355,LS 11 71012 CC00481,ug/mL,ug/mL,inhibition,FALSE,0.922,0.786,0.996,0.806,-1.8258558963525373,5.604328291168079,-0.11512011532845781,5.505040639209979
224,CD8 MLR,MLR85,GEN1053,Pembrolizumab,PD-L2,LS 24 18861 58355,LS 11 71012 CC00481,ug/mL,ug/mL,inhibition,FALSE,0.335,0.502,0.594,0.515,-26.995546164556867,-30.198786651684372,-26.356768471336586,-26.718438090039047
226,CD8 MLR,MLR85,GEN1053,Pembrolizumab,4-1BBL/TNFSF9,LS 24 18861 58355,LS 11 71012 CC00481,ug/mL,ug/mL,inhibition,FALSE,0.816,0.899,0.931,0.79,3.126596896192625,3.911814107067757,-2.5733282949637006,5.686965964250804
227,CD8 MLR,MLR85,GEN1053,Pembrolizumab,B7-H2/ICOSL,LS 24 18861 58355,LS 11 71012 CC00481,ug/mL,ug/mL,inhibition,FALSE,0.774,0.086,0.987,0.105,7.91009536943114,-104.88465793522833,-0.867881289357044,-108.15681245024874
228,CD8 MLR,MLR85,GEN1053,Pembrolizumab,B7-H4/VTCN1,LS 24 18861 58355,LS 11 71012 CC00481,ug/mL,ug/mL,inhibition,FALSE,0.736,0.508,0.827,0.513,2.980959920878216,9.465509751485557,2.8591902379720158,8.583189066004843
229,CD8 MLR,MLR85,GEN1053,Pembrolizumab,APRIL,LS 24 18861 58355,LS 11 71012 CC00481,ug/mL,ug/mL,inhibition,FALSE,0.793,0.902,0.838,0.875,-3.331867903903941,2.792493083309922,-4.546043534595052,3.605800948329181
230,CD8 MLR,MLR85,GEN1053,Pembrolizumab,B7-H5/VISTA,LS 24 18861 58355,LS 11 71012 CC00481,ug/mL,ug/mL,inhibition,FALSE,0.257,0.477,0.556,0.456,-29.340090034806465,-36.54974997732253,-29.51724756988031,-36.75132600823957
231,CD8 MLR,MLR85,GEN1053,Pembrolizumab,CD25/IL-2Ra,LS 24 18861 58355,LS 11 71012 CC00481,ug/mL,ug/mL,inhibition,FALSE,0.894,0.707,0.873,0.719,-1.556151466007982,7.295872838876526,-3.0323622588396066,7.621574483401642
232,CD8 MLR,MLR85,GEN1053,Pembrolizumab,B7-H6,LS 24 18861 58355,LS 11 71012 CC00481,ug/mL,ug/mL,inhibition,FALSE,0.263,0.738,0.54,0.718,-16.741614732454817,-11.248461368257102,-18.459466824101177,-11.319620263739727
233,CD8 MLR,MLR85,GEN1053,Pembrolizumab,CD137/4-1BB,LS 24 18861 58355,LS 11 71012 CC00481,ug/mL,ug/mL,inhibition,FALSE,0.395,0.615,0.632,0.601,11.578784391635068,11.697199762625388,10.833261679356758,12.234615285284333
234,CD8 MLR,MLR85,GEN1053,Pembrolizumab,Granzyme B,LS 24 18861 58355,LS 11 71012 CC00481,ug/mL,ug/mL,inhibition,FALSE,0.227,0.727,0.319,0.643,238.76151436276373,-40.97733425186583,263.5753313975107,-44.90805498896768
236,CD8 MLR,MLR85,GEN1053,Pembrolizumab,Galectin-1,LS 24 18861 58355,LS 11 71012 CC00481,ug/mL,ug/mL,inhibition,FALSE,0.244,0.409,0.515,0.344,-37.26089909120657,-49.34044734306089,-41.53938027809117,-50.908227241478365
237,CD8 MLR,MLR85,GEN1053,Pembrolizumab,Galectin-3,LS 24 18861 58355,LS 11 71012 CC00481,ug/mL,ug/mL,inhibition,FALSE,0.072,0.416,0.344,0.566,-27.74768240406135,-30.394756806934378,-35.41480625500933,-20.456616059591102
238,CD8 MLR,MLR85,GEN1053,Pembrolizumab,Granulysin,LS 24 18861 58355,LS 11 71012 CC00481,ug/mL,ug/mL,inhibition,FALSE,0.429,0.557,0.674,0.603,10.030001227793498,13.341424632755123,8.71872260374952,12.633503959588278
239,CD8 MLR,MLR85,GEN1053,Pembrolizumab,IDO1,LS 24 18861 58355,LS 11 71012 CC00481,ug/mL,ug/mL,inhibition,FALSE,0.688,0.858,0.786,0.824,-5.274882138830081,3.6716373067241475,-6.048268980509447,4.681028045797664
240,CD8 MLR,MLR85,GEN1053,Pembrolizumab,MICA,LS 24 18861 58355,LS 11 71012 CC00481,ug/mL,ug/mL,inhibition,FALSE,0.917,0.78,0.915,0.815,-1.7993347336692402,8.654717900124792,-3.298017072276635,6.359100891617867
241,CD8 MLR,MLR85,GEN1053,Pembrolizumab,MICB,LS 24 18861 58355,LS 11 71012 CC00481,ug/mL,ug/mL,inhibition,FALSE,0.866,0.734,0.773,0.71,-3.0318468350665495,8.244914141034073,-7.012159477681571,8.265779938850637
242,CD8 MLR,MLR85,GEN1053,Pembrolizumab,Nectin-2,LS 24 18861 58355,LS 11 71012 CC00481,ug/mL,ug/mL,inhibition,FALSE,0.384,0.815,0.607,0.736,-12.863138409248073,-7.422841280334841,-14.520509259964218,-8.885397757269578
243,CD8 MLR,MLR85,GEN1053,Pembrolizumab,BAFF/BLyS,LS 24 18861 58355,LS 11 71012 CC00481,ug/mL,ug/mL,inhibition,FALSE,0.908,0.698,0.991,0.63,-3.3182630125473933,-21.227835047106215,0.6176213817138961,-24.20643715896637
245,CD8 MLR,MLR85,GEN1053,Pembrolizumab,OX40/CD134,LS 24 18861 58355,LS 11 71012 CC00481,ug/mL,ug/mL,inhibition,FALSE,0.559,0.404,0.522,0.431,-18.939346095435354,-27.682467156903655,-22.75187460685667,-26.470173620437308
247,CD8 MLR,MLR85,GEN1053,Pembrolizumab,Siglec-7,LS 24 18861 58355,LS 11 71012 CC00481,ug/mL,ug/mL,inhibition,FALSE,0.205,0.958,0.532,0.946,-10.413753573218923,-1.0031949709379,-12.02759251259949,1.2629430908331163
248,CD8 MLR,MLR85,GEN1053,Pembrolizumab,Siglec-9,LS 24 18861 58355,LS 11 71012 CC00481,ug/mL,ug/mL,inhibition,FALSE,0.438,0.887,0.746,0.881,-7.163861541926755,-3.043513989394252,-6.5440595217809285,-3.104744043840615
249,CD8 MLR,MLR85,GEN1053,Pembrolizumab,Perforin,LS 24 18861 58355,LS 11 71012 CC00481,ug/mL,ug/mL,inhibition,FALSE,0.724,0.648,0.845,0.663,5.7993740982717865,11.603227426562011,4.701934164208044,11.34661927009553
250,CD8 MLR,MLR85,GEN1053,Pembrolizumab,CD27,LS 24 18861 58355,LS 11 71012 CC00481,ug/mL,ug/mL,inhibition,FALSE,0.392,0.418,0.418,0.925,2032.9209949933877,-304.2760208037098,1972.689161608291,-27.877607688186092
251,CD8 MLR,MLR85,GEN1053,Pembrolizumab,CD226/DNAM-1,LS 24 18861 58355,LS 11 71012 CC00481,ug/mL,ug/mL,inhibition,FALSE,0.562,0.471,0.563,0.811,-25.850923931498905,-45.060939449631405,-38.99874924291868,-13.679423109374861
254,CD8 MLR,MLR85,GEN1053,Pembrolizumab,ICOS,LS 24 18861 58355,LS 11 71012 CC00481,ug/mL,ug/mL,inhibition,FALSE,0.615,0.807,0.854,0.906,-8.465846509405498,-11.812388501220894,-9.532720568941736,-6.120346100479046
259,CD8 MLR,MLR85,GEN1053,Pembrolizumab,IFNg,LS 24 18861 58355,LS 11 69613B CC00489,ug/mL,ug/mL,inhibition,FALSE,0.997,0.65,0.953,0.344,0.1294043124219817,-23.32965581777877,4.0844817404316025,-27.62814963458248
260,CD8 MLR,MLR85,GEN1053,Pembrolizumab,IFNg,LS 24 18861 58355,LS 11 71012 CC00481,ug/mL,ug/mL,inhibition,FALSE,0.647,0.603,0.683,0.593,7.032904605416109,11.372498764225973,8.844743632168958,11.456835522002779
261,Tex Assay,TCE14,GEN1053,GEN1056,IFNg,LS2418861 58355,L180002912 RB1410,ug/mL,ug/mL,inhibition,FALSE,0.968,0.91,0.963,0.902,0.5756363441057496,3.25749409441438,-1.308740948366305,3.2661063577920255
262,Tex Assay,TCE14,GEN1053,GEN1056,IFNg,LS2418861 58355,L180002952 RB1367,ug/mL,ug/mL,inhibition,FALSE,0.511,0.666,0.643,0.664,-13.951853268096798,-14.267733453008026,-16.735906530373526,-12.47137967303947
